{"posicion":{"x":-3.091585159301758,"y":-1.3551377058029175},"volume":0.0,"soundEffects":0.0,"illumination":0.0,"progressPorsentage":0.0}